set,freq_hz,distance_m,file,source_xlsx,n_points
ShyamGuild,30,0.5,ShyamGuild_30Hz_0p5m.csv,Frequency_30_0.5Horizantal.xlsx,36
ShyamGuild,30,1.0,ShyamGuild_30Hz_1p0m.csv,Frequency_30_1Horizantal.xlsx,36
ShyamGuild,30,2.0,ShyamGuild_30Hz_2p0m.csv,Frequency_30_2Horizantal.xlsx,36
ShyamGuild,80,0.5,ShyamGuild_80Hz_0p5m.csv,Frequency_80_0.5Horizantal.xlsx,36
ShyamGuild,80,1.0,ShyamGuild_80Hz_1p0m.csv,Frequency_80_1Horizantal.xlsx,36
ShyamGuild,80,2.0,ShyamGuild_80Hz_2p0m.csv,Frequency_80_2Horizantal.xlsx,36
ShyamGuild,200,0.5,ShyamGuild_200Hz_0p5m.csv,Frequency_200_0.5Horizantal.xlsx,36
ShyamGuild,200,1.0,ShyamGuild_200Hz_1p0m.csv,Frequency_200_1Horizantal.xlsx,36
ShyamGuild,200,2.0,ShyamGuild_200Hz_2p0m.csv,Frequency_200_2Horizantal.xlsx,36
ShyamGuild,500,0.5,ShyamGuild_500Hz_0p5m.csv,Frequency_500_0.5Horizantal.xlsx,36
ShyamGuild,500,1.0,ShyamGuild_500Hz_1p0m.csv,Frequency_500_1Horizantal.xlsx,36
ShyamGuild,500,2.0,ShyamGuild_500Hz_2p0m.csv,Frequency_500_2Horizantal.xlsx,36
3inch,300,1.0,3inch_300Hz_1p0m.csv,Frequency_300_1Horizantal.xlsx,36
3inch,500,1.0,3inch_500Hz_1p0m.csv,Frequency_500_1Horizantal.xlsx,36
3inch,1000,1.0,3inch_1000Hz_1p0m.csv,Frequency_1000_1Horizantal.xlsx,36
3inch,2000,1.0,3inch_2000Hz_1p0m.csv,Frequnecy_2000_1Horizantal.xlsx,36
3inch,4000,1.0,3inch_4000Hz_1p0m.csv,Frequency_4000_1Horizantal.xlsx,36
3inch,8000,1.0,3inch_8000Hz_1p0m.csv,Frequency_8000_1Horizantal.xlsx,36
3inch,16000,1.0,3inch_16000Hz_1p0m.csv,Frequency_16000_1horizantal.xlsx,36
Factory,30,1.0,Factory_30Hz_1p0m.csv,Frequency_30_1Horizantal.xlsx,36
Factory,60,1.0,Factory_60Hz_1p0m.csv,Frequency_60_1Horizantal.xlsx,36
Factory,100,1.0,Factory_100Hz_1p0m.csv,Frequency_100_1Horizantal.xlsx,36
Factory,150,1.0,Factory_150Hz_1p0m.csv,Frequency_150_1Horizantal.xlsx,36
Factory,200,1.0,Factory_200Hz_1p0m.csv,Frequency_200_1Horizantal.xlsx,36
XN18,30,1.0,XN18_30Hz_1p0m.csv,Frequency_30_1Horizantal.xlsx,360
XN18,40,1.0,XN18_40Hz_1p0m.csv,Frequency_40_1Horizantal.xlsx,360
XN18,50,1.0,XN18_50Hz_1p0m.csv,Frequency_50_1Horizantal.xlsx,360
XN18,60,1.0,XN18_60Hz_1p0m.csv,Frequency_60_1Horizantal.xlsx,360
XN18,70,1.0,XN18_70Hz_1p0m.csv,Frequency_70_1Horizantal.xlsx,360
XN18,80,1.0,XN18_80Hz_1p0m.csv,Frequency_80_1Horizantal.xlsx,360
XN18,90,1.0,XN18_90Hz_1p0m.csv,Frequency_90_1Horizantal.xlsx,360
XN18,100,1.0,XN18_100Hz_1p0m.csv,Frequency_100_1Horizantal.xlsx,360
XN18,110,1.0,XN18_110Hz_1p0m.csv,Frequency_110_1Horizantal.xlsx,360
XN18,120,1.0,XN18_120Hz_1p0m.csv,Frequency_120_1Horizantal.xlsx,360
XN18,130,1.0,XN18_130Hz_1p0m.csv,Frequency_130_1Horizantal.xlsx,360
XN18,140,1.0,XN18_140Hz_1p0m.csv,Frequency_140_1Horizantal.xlsx,360
XN18,150,1.0,XN18_150Hz_1p0m.csv,Frequency_150_1Horizantal.xlsx,360
XN18,160,1.0,XN18_160Hz_1p0m.csv,Frequency_160_1Horizantal.xlsx,360
XN18,170,1.0,XN18_170Hz_1p0m.csv,Frequency_170_1Horizantal.xlsx,360
XN18,180,1.0,XN18_180Hz_1p0m.csv,Frequency_180_1Horizantal.xlsx,360
XN18,190,1.0,XN18_190Hz_1p0m.csv,Frequency_190_1Horizantal.xlsx,360
XN18,200,1.0,XN18_200Hz_1p0m.csv,Frequency_200_1Horizantal.xlsx,360
Q21S,25,0.5,Q21S_25Hz_0p5m.csv,Q21S_10m_PolarPlotData.xlsx,360
Q21S,25,1.0,Q21S_25Hz_1p0m.csv,Q21S_10m_PolarPlotData.xlsx,360
Q21S,25,2.0,Q21S_25Hz_2p0m.csv,Q21S_10m_PolarPlotData.xlsx,360
Q21S,40,0.5,Q21S_40Hz_0p5m.csv,Q21S_10m_PolarPlotData.xlsx,360
Q21S,40,1.0,Q21S_40Hz_1p0m.csv,Q21S_10m_PolarPlotData.xlsx,360
Q21S,40,2.0,Q21S_40Hz_2p0m.csv,Q21S_10m_PolarPlotData.xlsx,360
Q21S,63,0.5,Q21S_63Hz_0p5m.csv,Q21S_10m_PolarPlotData.xlsx,360
Q21S,63,1.0,Q21S_63Hz_1p0m.csv,Q21S_10m_PolarPlotData.xlsx,360
Q21S,63,2.0,Q21S_63Hz_2p0m.csv,Q21S_10m_PolarPlotData.xlsx,360
Q21S,125,0.5,Q21S_125Hz_0p5m.csv,Q21S_10m_PolarPlotData.xlsx,360
Q21S,125,1.0,Q21S_125Hz_1p0m.csv,Q21S_10m_PolarPlotData.xlsx,360
Q21S,125,2.0,Q21S_125Hz_2p0m.csv,Q21S_10m_PolarPlotData.xlsx,360
Q21S,500,0.5,Q21S_500Hz_0p5m.csv,Q21S_10m_PolarPlotData.xlsx,360
Q21S,500,1.0,Q21S_500Hz_1p0m.csv,Q21S_10m_PolarPlotData.xlsx,360
Q21S,500,2.0,Q21S_500Hz_2p0m.csv,Q21S_10m_PolarPlotData.xlsx,360
Q21S,52,0.5,Q21S_52Hz_0p5m.csv,52Hz.xlsx,360
Q21S,52,1.0,Q21S_52Hz_1p0m.csv,52Hz.xlsx,360
Q21S,52,2.0,Q21S_52Hz_2p0m.csv,52Hz.xlsx,360
Q21S,153,0.5,Q21S_153Hz_0p5m.csv,153Hz.xlsx,360
Q21S,153,1.0,Q21S_153Hz_1p0m.csv,153Hz.xlsx,360
Q21S,153,2.0,Q21S_153Hz_2p0m.csv,153Hz.xlsx,360
Q21S,198,0.5,Q21S_198Hz_0p5m.csv,198Hz.xlsx,360
Q21S,198,1.0,Q21S_198Hz_1p0m.csv,198Hz.xlsx,360
Q21S,198,2.0,Q21S_198Hz_2p0m.csv,198Hz.xlsx,360
Q21S,20,0.5,Q21S_20Hz_0p5m.csv,20Hz.xlsx,360
Q21S,20,1.0,Q21S_20Hz_1p0m.csv,20Hz.xlsx,360
Q21S,20,2.0,Q21S_20Hz_2p0m.csv,20Hz.xlsx,360
Q21S,29,0.5,Q21S_29Hz_0p5m.csv,29Hz.xlsx,360
Q21S,29,1.0,Q21S_29Hz_1p0m.csv,29Hz.xlsx,360
Q21S,29,2.0,Q21S_29Hz_2p0m.csv,29Hz.xlsx,360
Q21S,81,0.5,Q21S_81Hz_0p5m.csv,81Hz.xlsx,360
Q21S,81,1.0,Q21S_81Hz_1p0m.csv,81Hz.xlsx,360
Q21S,81,2.0,Q21S_81Hz_2p0m.csv,81Hz.xlsx,360
Q21S,98,0.5,Q21S_98Hz_0p5m.csv,98Hz.xlsx,360
Q21S,98,1.0,Q21S_98Hz_1p0m.csv,98Hz.xlsx,360
Q21S,98,2.0,Q21S_98Hz_2p0m.csv,98Hz.xlsx,360
Q21S,256,0.5,Q21S_256Hz_0p5m.csv,256Hz.xlsx,360
Q21S,256,1.0,Q21S_256Hz_1p0m.csv,256Hz.xlsx,360
Q21S,256,2.0,Q21S_256Hz_2p0m.csv,256Hz.xlsx,360
Q21S,309,0.5,Q21S_309Hz_0p5m.csv,309Hz.xlsx,360
Q21S,309,1.0,Q21S_309Hz_1p0m.csv,309Hz.xlsx,360
Q21S,309,2.0,Q21S_309Hz_2p0m.csv,309Hz.xlsx,360
Q21S,352,0.5,Q21S_352Hz_0p5m.csv,352Hz.xlsx,360
Q21S,352,1.0,Q21S_352Hz_1p0m.csv,352Hz.xlsx,360
Q21S,352,2.0,Q21S_352Hz_2p0m.csv,352Hz.xlsx,360
Q21S,400,0.5,Q21S_400Hz_0p5m.csv,400Hz.xlsx,360
Q21S,400,1.0,Q21S_400Hz_1p0m.csv,400Hz.xlsx,360
Q21S,400,2.0,Q21S_400Hz_2p0m.csv,400Hz.xlsx,360
Q21S,401,0.5,Q21S_401Hz_0p5m.csv,401Hz.xlsx,360
Q21S,401,1.0,Q21S_401Hz_1p0m.csv,401Hz.xlsx,360
Q21S,401,2.0,Q21S_401Hz_2p0m.csv,401Hz.xlsx,360
